seed,generation,fitness
1,1,27971.73858646309
1,2,27694.14126190446
1,3,27525.672721823626
1,4,26552.06694466517
1,5,26552.06694466517
1,6,26552.06694466517
1,7,26552.06694466517
1,8,26552.06694466517
1,9,26552.06694466517
1,10,26552.06694466517
1,11,26518.988410137525
1,12,26518.988410137525
1,13,26133.75805736838
1,14,26133.75805736838
1,15,26133.75805736838
1,16,26133.75805736838
1,17,26133.75805736838
1,18,26133.75805736838
1,19,26133.75805736838
1,20,26133.75805736838
1,21,26133.75805736838
1,22,26133.75805736838
1,23,26133.75805736838
1,24,26133.75805736838
1,25,26133.75805736838
1,26,26133.75805736838
1,27,26133.75805736838
1,28,26133.75805736838
1,29,26133.75805736838
1,30,26133.75805736838
1,31,26133.75805736838
1,32,26133.75805736838
1,33,26133.75805736838
1,34,26133.75805736838
1,35,26133.75805736838
1,36,26133.75805736838
1,37,26133.75805736838
1,38,26133.75805736838
1,39,26133.75805736838
1,40,26133.75805736838
1,41,26133.75805736838
1,42,26133.75805736838
1,43,26133.75805736838
1,44,26133.75805736838
1,45,26133.75805736838
1,46,26133.75805736838
1,47,26133.75805736838
1,48,26133.75805736838
1,49,26133.75805736838
1,50,26133.75805736838
1,51,26133.75805736838
1,52,26133.75805736838
1,53,26133.75805736838
1,54,26133.75805736838
1,55,26133.75805736838
1,56,26002.198738047708
1,57,26002.198738047708
1,58,26002.198738047708
1,59,26002.198738047708
1,60,26002.198738047708
1,61,26002.198738047708
1,62,26002.198738047708
1,63,26002.198738047708
1,64,26002.198738047708
1,65,26002.198738047708
1,66,26002.198738047708
1,67,26002.198738047708
1,68,26002.198738047708
1,69,26002.198738047708
1,70,26002.198738047708
1,71,26002.198738047708
1,72,26002.198738047708
1,73,26002.198738047708
1,74,26002.198738047708
1,75,26002.198738047708
1,76,26002.198738047708
1,77,26002.198738047708
1,78,25850.29831454807
1,79,25850.29831454807
1,80,25850.29831454807
1,81,25850.29831454807
1,82,25850.29831454807
1,83,25850.29831454807
1,84,25850.29831454807
1,85,25850.29831454807
1,86,25850.29831454807
1,87,25850.29831454807
1,88,25850.29831454807
1,89,25850.29831454807
1,90,25850.29831454807
1,91,25850.29831454807
1,92,25850.29831454807
1,93,25850.29831454807
1,94,25850.29831454807
1,95,25850.29831454807
1,96,25850.29831454807
1,97,25850.29831454807
1,98,25850.29831454807
1,99,25850.29831454807
1,100,25850.29831454807
1,101,25850.29831454807
1,102,25850.29831454807
1,103,25850.29831454807
1,104,25850.29831454807
1,105,25850.29831454807
1,106,25850.29831454807
1,107,25850.29831454807
1,108,25850.29831454807
1,109,25850.29831454807
1,110,25850.29831454807
1,111,25850.29831454807
1,112,25850.29831454807
1,113,25850.29831454807
1,114,25850.29831454807
1,115,25850.29831454807
1,116,25850.29831454807
1,117,25850.29831454807
1,118,25850.29831454807
1,119,25850.29831454807
1,120,25850.29831454807
1,121,25850.29831454807
1,122,25850.29831454807
1,123,25850.29831454807
1,124,25850.29831454807
1,125,25850.29831454807
1,126,25850.29831454807
1,127,25850.29831454807
1,128,25850.29831454807
1,129,25850.29831454807
1,130,25850.29831454807
1,131,25850.29831454807
1,132,25850.29831454807
1,133,25850.29831454807
1,134,25850.29831454807
1,135,25850.29831454807
1,136,25850.29831454807
1,137,25850.29831454807
1,138,25850.29831454807
1,139,25850.29831454807
1,140,25850.29831454807
1,141,25850.29831454807
1,142,25850.29831454807
1,143,25850.29831454807
1,144,25850.29831454807
1,145,25850.29831454807
1,146,25850.29831454807
1,147,25850.29831454807
1,148,25850.29831454807
1,149,25850.29831454807
1,150,25850.29831454807
1,151,25850.29831454807
1,152,25850.29831454807
1,153,25850.29831454807
1,154,25850.29831454807
1,155,25850.29831454807
1,156,25850.29831454807
1,157,25850.29831454807
1,158,25850.29831454807
1,159,25850.29831454807
1,160,25850.29831454807
1,161,25850.29831454807
1,162,25850.29831454807
1,163,25850.29831454807
1,164,25850.29831454807
1,165,25850.29831454807
1,166,25848.18565962471
1,167,25848.18565962471
1,168,25848.18565962471
1,169,25848.18565962471
1,170,25848.18565962471
1,171,25848.18565962471
1,172,25848.18565962471
1,173,25848.18565962471
1,174,25848.18565962471
1,175,25848.18565962471
1,176,25848.18565962471
1,177,25848.18565962471
1,178,25848.18565962471
1,179,25848.18565962471
1,180,25848.18565962471
1,181,25848.18565962471
1,182,25848.18565962471
1,183,25848.18565962471
1,184,25848.18565962471
1,185,25848.18565962471
1,186,25848.18565962471
1,187,25848.18565962471
1,188,25848.18565962471
1,189,25848.18565962471
1,190,25848.18565962471
1,191,25848.18565962471
1,192,25848.18565962471
1,193,25848.18565962471
1,194,25848.18565962471
1,195,25848.18565962471
1,196,25848.18565962471
1,197,25848.18565962471
1,198,25848.18565962471
1,199,25848.18565962471
1,200,25848.18565962471
2,1,27971.73858646309
2,2,26552.06694466517
2,3,26552.06694466517
2,4,26552.06694466517
2,5,26552.06694466517
2,6,26552.06694466517
2,7,26552.06694466517
2,8,26552.06694466517
2,9,26552.06694466517
2,10,26552.06694466517
2,11,26552.06694466517
2,12,26552.06694466517
2,13,26552.06694466517
2,14,26552.06694466517
2,15,26552.06694466517
2,16,26552.06694466517
2,17,26552.06694466517
2,18,26552.06694466517
2,19,26552.06694466517
2,20,26552.06694466517
2,21,26552.06694466517
2,22,26552.06694466517
2,23,26552.06694466517
2,24,26552.06694466517
2,25,26552.06694466517
2,26,26552.06694466517
2,27,26552.06694466517
2,28,26552.06694466517
2,29,26552.06694466517
2,30,26552.06694466517
2,31,26552.06694466517
2,32,26552.06694466517
2,33,26552.06694466517
2,34,26552.06694466517
2,35,26552.06694466517
2,36,26552.06694466517
2,37,26552.06694466517
2,38,26552.06694466517
2,39,26552.06694466517
2,40,26552.06694466517
2,41,26552.06694466517
2,42,26552.06694466517
2,43,26552.06694466517
2,44,26552.06694466517
2,45,26552.06694466517
2,46,26552.06694466517
2,47,26552.06694466517
2,48,26552.06694466517
2,49,26552.06694466517
2,50,26552.06694466517
2,51,26552.06694466517
2,52,26251.06013569867
2,53,26251.06013569867
2,54,26251.06013569867
2,55,26251.06013569867
2,56,26251.06013569867
2,57,26251.06013569867
2,58,26251.06013569867
2,59,26251.06013569867
2,60,26251.06013569867
2,61,26251.06013569867
2,62,26251.06013569867
2,63,26251.06013569867
2,64,26251.06013569867
2,65,26251.06013569867
2,66,26251.06013569867
2,67,26251.06013569867
2,68,26251.06013569867
2,69,26251.06013569867
2,70,26251.06013569867
2,71,26251.06013569867
2,72,26251.06013569867
2,73,26251.06013569867
2,74,26251.06013569867
2,75,26251.06013569867
2,76,26251.06013569867
2,77,26251.06013569867
2,78,26251.06013569867
2,79,26251.06013569867
2,80,26251.06013569867
2,81,26251.06013569867
2,82,26251.06013569867
2,83,26251.06013569867
2,84,26251.06013569867
2,85,26251.06013569867
2,86,26251.06013569867
2,87,26251.06013569867
2,88,26251.06013569867
2,89,26251.06013569867
2,90,26251.06013569867
2,91,26251.06013569867
2,92,26251.06013569867
2,93,26251.06013569867
2,94,26251.06013569867
2,95,26251.06013569867
2,96,26251.06013569867
2,97,26251.06013569867
2,98,26251.06013569867
2,99,26251.06013569867
2,100,26251.06013569867
2,101,26251.06013569867
2,102,26251.06013569867
2,103,26251.06013569867
2,104,26251.06013569867
2,105,26251.06013569867
2,106,26251.06013569867
2,107,26251.06013569867
2,108,26251.06013569867
2,109,26251.06013569867
2,110,26251.06013569867
2,111,26251.06013569867
2,112,26251.06013569867
2,113,26251.06013569867
2,114,26251.06013569867
2,115,26251.06013569867
2,116,26251.06013569867
2,117,26251.06013569867
2,118,26251.06013569867
2,119,26251.06013569867
2,120,26251.06013569867
2,121,26251.06013569867
2,122,26251.06013569867
2,123,26251.06013569867
2,124,26251.06013569867
2,125,26251.06013569867
2,126,26251.06013569867
2,127,26251.06013569867
2,128,26251.06013569867
2,129,26251.06013569867
2,130,26251.06013569867
2,131,26251.06013569867
2,132,26251.06013569867
2,133,26251.06013569867
2,134,26251.06013569867
2,135,26251.06013569867
2,136,26251.06013569867
2,137,26251.06013569867
2,138,26251.06013569867
2,139,26251.06013569867
2,140,26251.06013569867
2,141,26251.06013569867
2,142,26251.06013569867
2,143,26251.06013569867
2,144,26251.06013569867
2,145,26251.06013569867
2,146,26251.06013569867
2,147,26251.06013569867
2,148,26251.06013569867
2,149,26251.06013569867
2,150,26251.06013569867
2,151,26251.06013569867
2,152,26251.06013569867
2,153,26251.06013569867
2,154,26251.06013569867
2,155,26251.06013569867
2,156,26251.06013569867
2,157,26251.06013569867
2,158,26251.06013569867
2,159,26251.06013569867
2,160,26251.06013569867
2,161,26251.06013569867
2,162,26251.06013569867
2,163,26251.06013569867
2,164,26251.06013569867
2,165,26251.06013569867
2,166,26251.06013569867
2,167,26251.06013569867
2,168,26251.06013569867
2,169,26251.06013569867
2,170,26251.06013569867
2,171,26251.06013569867
2,172,26251.06013569867
2,173,26251.06013569867
2,174,26251.06013569867
2,175,26251.06013569867
2,176,26251.06013569867
2,177,26251.06013569867
2,178,26251.06013569867
2,179,26251.06013569867
2,180,26251.06013569867
2,181,26251.06013569867
2,182,26251.06013569867
2,183,26251.06013569867
2,184,26251.06013569867
2,185,26218.240361340126
2,186,26218.240361340126
2,187,26218.240361340126
2,188,26218.240361340126
2,189,26218.240361340126
2,190,26218.240361340126
2,191,26218.240361340126
2,192,26218.240361340126
2,193,26218.240361340126
2,194,26218.240361340126
2,195,26218.240361340126
2,196,26218.240361340126
2,197,26177.507259267466
2,198,26177.507259267466
2,199,26177.507259267466
2,200,26177.507259267466
3,1,27971.73858646309
3,2,26552.06694466517
3,3,26552.06694466517
3,4,26552.06694466517
3,5,26552.06694466517
3,6,26552.06694466517
3,7,26552.06694466517
3,8,26552.06694466517
3,9,26552.06694466517
3,10,26552.06694466517
3,11,26552.06694466517
3,12,26552.06694466517
3,13,26552.06694466517
3,14,26463.12477428123
3,15,26463.12477428123
3,16,26463.12477428123
3,17,26463.12477428123
3,18,26273.898028786545
3,19,26273.898028786545
3,20,26273.898028786545
3,21,26251.06013569867
3,22,26251.06013569867
3,23,26251.06013569867
3,24,26251.06013569867
3,25,26251.06013569867
3,26,26251.06013569867
3,27,26251.06013569867
3,28,26251.06013569867
3,29,26251.06013569867
3,30,26251.06013569867
3,31,26251.06013569867
3,32,26251.06013569867
3,33,26251.06013569867
3,34,26251.06013569867
3,35,26251.06013569867
3,36,26251.06013569867
3,37,26251.06013569867
3,38,26251.06013569867
3,39,26251.06013569867
3,40,26251.06013569867
3,41,26251.06013569867
3,42,26251.06013569867
3,43,26251.06013569867
3,44,26251.06013569867
3,45,26251.06013569867
3,46,26251.06013569867
3,47,26251.06013569867
3,48,26251.06013569867
3,49,26251.06013569867
3,50,26251.06013569867
3,51,26251.06013569867
3,52,26251.06013569867
3,53,26251.06013569867
3,54,26251.06013569867
3,55,26251.06013569867
3,56,26251.06013569867
3,57,26251.06013569867
3,58,26251.06013569867
3,59,26251.06013569867
3,60,26251.06013569867
3,61,26251.06013569867
3,62,26251.06013569867
3,63,26251.06013569867
3,64,26251.06013569867
3,65,26251.06013569867
3,66,26251.06013569867
3,67,26251.06013569867
3,68,26251.06013569867
3,69,26251.06013569867
3,70,26251.06013569867
3,71,26217.981601171025
3,72,26217.981601171025
3,73,26217.981601171025
3,74,26217.981601171025
3,75,26217.981601171025
3,76,26217.981601171025
3,77,26217.981601171025
3,78,26217.981601171025
3,79,26217.981601171025
3,80,25940.758693937976
3,81,25940.758693937976
3,82,25940.758693937976
3,83,25940.758693937976
3,84,25940.758693937976
3,85,25940.758693937976
3,86,25940.758693937976
3,87,25940.758693937976
3,88,25940.758693937976
3,89,25940.758693937976
3,90,25940.758693937976
3,91,25940.758693937976
3,92,25940.758693937976
3,93,25940.758693937976
3,94,25940.758693937976
3,95,25940.758693937976
3,96,25940.758693937976
3,97,25940.758693937976
3,98,25940.758693937976
3,99,25940.758693937976
3,100,25940.758693937976
3,101,25940.758693937976
3,102,25940.758693937976
3,103,25855.589141489756
3,104,25855.589141489756
3,105,25855.589141489756
3,106,25855.589141489756
3,107,25855.589141489756
3,108,25855.589141489756
3,109,25855.589141489756
3,110,25855.589141489756
3,111,25855.589141489756
3,112,25855.589141489756
3,113,25855.589141489756
3,114,25855.589141489756
3,115,25855.589141489756
3,116,25855.589141489756
3,117,25855.589141489756
3,118,25855.589141489756
3,119,25855.589141489756
3,120,25855.589141489756
3,121,25855.589141489756
3,122,25855.589141489756
3,123,25855.589141489756
3,124,25855.589141489756
3,125,25855.589141489756
3,126,25855.589141489756
3,127,25855.589141489756
3,128,25855.589141489756
3,129,25855.589141489756
3,130,25855.589141489756
3,131,25834.863903325248
3,132,25834.863903325248
3,133,25834.863903325248
3,134,25834.863903325248
3,135,25834.863903325248
3,136,25834.863903325248
3,137,25834.863903325248
3,138,25834.863903325248
3,139,25834.863903325248
3,140,25834.863903325248
3,141,25834.863903325248
3,142,25834.863903325248
3,143,25834.863903325248
3,144,25834.863903325248
3,145,25834.863903325248
3,146,25834.863903325248
3,147,25834.863903325248
3,148,25834.863903325248
3,149,25834.863903325248
3,150,25834.863903325248
3,151,25834.863903325248
3,152,25834.863903325248
3,153,25834.863903325248
3,154,25834.863903325248
3,155,25834.863903325248
3,156,25834.863903325248
3,157,25834.863903325248
3,158,25834.863903325248
3,159,25834.863903325248
3,160,25834.863903325248
3,161,25834.863903325248
3,162,25834.863903325248
3,163,25834.863903325248
3,164,25834.863903325248
3,165,25834.863903325248
3,166,25834.863903325248
3,167,25834.863903325248
3,168,25834.863903325248
3,169,25834.863903325248
3,170,25834.863903325248
3,171,25834.863903325248
3,172,25834.863903325248
3,173,25834.863903325248
3,174,25834.863903325248
3,175,25834.863903325248
3,176,25834.863903325248
3,177,25834.863903325248
3,178,25834.863903325248
3,179,25834.863903325248
3,180,25834.863903325248
3,181,25834.863903325248
3,182,25834.863903325248
3,183,25834.863903325248
3,184,25834.863903325248
3,185,25834.863903325248
3,186,25834.863903325248
3,187,25834.863903325248
3,188,25834.863903325248
3,189,25834.863903325248
3,190,25834.863903325248
3,191,25834.863903325248
3,192,25834.863903325248
3,193,25834.863903325248
3,194,25834.863903325248
3,195,25834.863903325248
3,196,25834.863903325248
3,197,25834.863903325248
3,198,25834.863903325248
3,199,25834.863903325248
3,200,25834.863903325248
4,1,27971.73858646309
4,2,27796.211217054213
4,3,27794.098562130846
4,4,26618.87696453335
4,5,26618.87696453335
4,6,26552.06694466517
4,7,26552.06694466517
4,8,26552.06694466517
4,9,26552.06694466517
4,10,26552.06694466517
4,11,26552.06694466517
4,12,26552.06694466517
4,13,26552.06694466517
4,14,26251.06013569867
4,15,26251.06013569867
4,16,26251.06013569867
4,17,26251.06013569867
4,18,26251.06013569867
4,19,26251.06013569867
4,20,26251.06013569867
4,21,26251.06013569867
4,22,26251.06013569867
4,23,26251.06013569867
4,24,26251.06013569867
4,25,26251.06013569867
4,26,26251.06013569867
4,27,26251.06013569867
4,28,26251.06013569867
4,29,26251.06013569867
4,30,26251.06013569867
4,31,26251.06013569867
4,32,26251.06013569867
4,33,26251.06013569867
4,34,26251.06013569867
4,35,26251.06013569867
4,36,26251.06013569867
4,37,26251.06013569867
4,38,26251.06013569867
4,39,26251.06013569867
4,40,26251.06013569867
4,41,26251.06013569867
4,42,26251.06013569867
4,43,26251.06013569867
4,44,26251.06013569867
4,45,26251.06013569867
4,46,26251.06013569867
4,47,26251.06013569867
4,48,26251.06013569867
4,49,26251.06013569867
4,50,26251.06013569867
4,51,26251.06013569867
4,52,26251.06013569867
4,53,26251.06013569867
4,54,26251.06013569867
4,55,26251.06013569867
4,56,26251.06013569867
4,57,26251.06013569867
4,58,26251.06013569867
4,59,26251.06013569867
4,60,26251.06013569867
4,61,26251.06013569867
4,62,26251.06013569867
4,63,26251.06013569867
4,64,26251.06013569867
4,65,26251.06013569867
4,66,26251.06013569867
4,67,26251.06013569867
4,68,26251.06013569867
4,69,26251.06013569867
4,70,26251.06013569867
4,71,26251.06013569867
4,72,26251.06013569867
4,73,26251.06013569867
4,74,26251.06013569867
4,75,26251.06013569867
4,76,26251.06013569867
4,77,26251.06013569867
4,78,26251.06013569867
4,79,26251.06013569867
4,80,26251.06013569867
4,81,26251.06013569867
4,82,26251.06013569867
4,83,26251.06013569867
4,84,26251.06013569867
4,85,26251.06013569867
4,86,26251.06013569867
4,87,26251.06013569867
4,88,26251.06013569867
4,89,26251.06013569867
4,90,26251.06013569867
4,91,26251.06013569867
4,92,26251.06013569867
4,93,26251.06013569867
4,94,26251.06013569867
4,95,26251.06013569867
4,96,26251.06013569867
4,97,26251.06013569867
4,98,26251.06013569867
4,99,26251.06013569867
4,100,26251.06013569867
4,101,26251.06013569867
4,102,26251.06013569867
4,103,26251.06013569867
4,104,26251.06013569867
4,105,26251.06013569867
4,106,26251.06013569867
4,107,26251.06013569867
4,108,26251.06013569867
4,109,26251.06013569867
4,110,26251.06013569867
4,111,26251.06013569867
4,112,26251.06013569867
4,113,26251.06013569867
4,114,26251.06013569867
4,115,26251.06013569867
4,116,26251.06013569867
4,117,26251.06013569867
4,118,26251.06013569867
4,119,26251.06013569867
4,120,26251.06013569867
4,121,26251.06013569867
4,122,26251.06013569867
4,123,26251.06013569867
4,124,26251.06013569867
4,125,26251.06013569867
4,126,26251.06013569867
4,127,26251.06013569867
4,128,26251.06013569867
4,129,26251.06013569867
4,130,26251.06013569867
4,131,26251.06013569867
4,132,26251.06013569867
4,133,26251.06013569867
4,134,26251.06013569867
4,135,26251.06013569867
4,136,26251.06013569867
4,137,26251.06013569867
4,138,26251.06013569867
4,139,26251.06013569867
4,140,26251.06013569867
4,141,26251.06013569867
4,142,26251.06013569867
4,143,26251.06013569867
4,144,26251.06013569867
4,145,26251.06013569867
4,146,26251.06013569867
4,147,26251.06013569867
4,148,26251.06013569867
4,149,26251.06013569867
4,150,26251.06013569867
4,151,26251.06013569867
4,152,26251.06013569867
4,153,26251.06013569867
4,154,26251.06013569867
4,155,26251.06013569867
4,156,26251.06013569867
4,157,26251.06013569867
4,158,26251.06013569867
4,159,26251.06013569867
4,160,26251.06013569867
4,161,26251.06013569867
4,162,26251.06013569867
4,163,26251.06013569867
4,164,26251.06013569867
4,165,26251.06013569867
4,166,26251.06013569867
4,167,26251.06013569867
4,168,26251.06013569867
4,169,26251.06013569867
4,170,26251.06013569867
4,171,26251.06013569867
4,172,26251.06013569867
4,173,26251.06013569867
4,174,26251.06013569867
4,175,26251.06013569867
4,176,26251.06013569867
4,177,26251.06013569867
4,178,26251.06013569867
4,179,26251.06013569867
4,180,26251.06013569867
4,181,26251.06013569867
4,182,26251.06013569867
4,183,26251.06013569867
4,184,26251.06013569867
4,185,26251.06013569867
4,186,26251.06013569867
4,187,26251.06013569867
4,188,26251.06013569867
4,189,26251.06013569867
4,190,26251.06013569867
4,191,26251.06013569867
4,192,26251.06013569867
4,193,26251.06013569867
4,194,26251.06013569867
4,195,26251.06013569867
4,196,26251.06013569867
4,197,26251.06013569867
4,198,26251.06013569867
4,199,26251.06013569867
4,200,26251.06013569867
5,1,27971.73858646309
5,2,27919.94465504878
5,3,26552.06694466517
5,4,26552.06694466517
5,5,26552.06694466517
5,6,26552.06694466517
5,7,26552.06694466517
5,8,26552.06694466517
5,9,26552.06694466517
5,10,26552.06694466517
5,11,26457.450555825944
5,12,26457.450555825944
5,13,26457.450555825944
5,14,26457.450555825944
5,15,26457.450555825944
5,16,26457.450555825944
5,17,26457.450555825944
5,18,26457.450555825944
5,19,26457.450555825944
5,20,26457.450555825944
5,21,26457.450555825944
5,22,26457.450555825944
5,23,26457.450555825944
5,24,26457.450555825944
5,25,26457.450555825944
5,26,26457.450555825944
5,27,26457.450555825944
5,28,26457.450555825944
5,29,26331.79898698503
5,30,26331.79898698503
5,31,26331.79898698503
5,32,26331.79898698503
5,33,26331.79898698503
5,34,26331.79898698503
5,35,26331.79898698503
5,36,26331.79898698503
5,37,26331.79898698503
5,38,26331.79898698503
5,39,26331.79898698503
5,40,26331.79898698503
5,41,26331.79898698503
5,42,25952.80803098801
5,43,25952.80803098801
5,44,25952.80803098801
5,45,25952.80803098801
5,46,25952.80803098801
5,47,25952.80803098801
5,48,25952.80803098801
5,49,25952.80803098801
5,50,25952.80803098801
5,51,25952.80803098801
5,52,25952.80803098801
5,53,25952.80803098801
5,54,25952.80803098801
5,55,25952.80803098801
5,56,25952.80803098801
5,57,25952.80803098801
5,58,25952.80803098801
5,59,25952.80803098801
5,60,25952.80803098801
5,61,25952.80803098801
5,62,25952.80803098801
5,63,25952.80803098801
5,64,25952.80803098801
5,65,25952.80803098801
5,66,25952.80803098801
5,67,25952.80803098801
5,68,25952.80803098801
5,69,25952.80803098801
5,70,25952.80803098801
5,71,25952.80803098801
5,72,25952.80803098801
5,73,25952.80803098801
5,74,25952.80803098801
5,75,25952.80803098801
5,76,25952.80803098801
5,77,25952.80803098801
5,78,25952.80803098801
5,79,25952.80803098801
5,80,25952.80803098801
5,81,25952.80803098801
5,82,25952.80803098801
5,83,25952.80803098801
5,84,25952.80803098801
5,85,25952.80803098801
5,86,25952.80803098801
5,87,25952.80803098801
5,88,25952.80803098801
5,89,25952.80803098801
5,90,25952.80803098801
5,91,25952.80803098801
5,92,25952.80803098801
5,93,25952.80803098801
5,94,25952.80803098801
5,95,25952.80803098801
5,96,25952.80803098801
5,97,25937.373619765185
5,98,25937.373619765185
5,99,25937.373619765185
5,100,25937.373619765185
5,101,25894.780310193382
5,102,25701.59551248401
5,103,25701.59551248401
5,104,25701.59551248401
5,105,25701.59551248401
5,106,25701.59551248401
5,107,25701.59551248401
5,108,25701.59551248401
5,109,25701.59551248401
5,110,25701.59551248401
5,111,25701.59551248401
5,112,25701.59551248401
5,113,25701.59551248401
5,114,25701.59551248401
5,115,25701.59551248401
5,116,25701.59551248401
5,117,25701.59551248401
5,118,25701.59551248401
5,119,25701.59551248401
5,120,25701.59551248401
5,121,25701.59551248401
5,122,25701.59551248401
5,123,25701.59551248401
5,124,25701.59551248401
5,125,25701.59551248401
5,126,25701.59551248401
5,127,25701.59551248401
5,128,25701.59551248401
5,129,25701.59551248401
5,130,25701.59551248401
5,131,25701.59551248401
5,132,25701.59551248401
5,133,25701.59551248401
5,134,25701.59551248401
5,135,25701.59551248401
5,136,25701.59551248401
5,137,25701.59551248401
5,138,25701.59551248401
5,139,25701.59551248401
5,140,25701.59551248401
5,141,25701.59551248401
5,142,25701.59551248401
5,143,25701.59551248401
5,144,25701.59551248401
5,145,25701.59551248401
5,146,25701.59551248401
5,147,25701.59551248401
5,148,25701.59551248401
5,149,25701.59551248401
5,150,25701.59551248401
5,151,25701.59551248401
5,152,25701.59551248401
5,153,25701.59551248401
5,154,25701.59551248401
5,155,25701.59551248401
5,156,25701.59551248401
5,157,25701.59551248401
5,158,25701.59551248401
5,159,25701.59551248401
5,160,25701.59551248401
5,161,25701.59551248401
5,162,25701.59551248401
5,163,25701.59551248401
5,164,25701.59551248401
5,165,25701.59551248401
5,166,25701.59551248401
5,167,25701.59551248401
5,168,25701.59551248401
5,169,25701.59551248401
5,170,25701.59551248401
5,171,25701.59551248401
5,172,25701.59551248401
5,173,25701.59551248401
5,174,25701.59551248401
5,175,25701.59551248401
5,176,25701.59551248401
5,177,25701.59551248401
5,178,25701.59551248401
5,179,25701.59551248401
5,180,25701.59551248401
5,181,25701.59551248401
5,182,25701.59551248401
5,183,25701.59551248401
5,184,25701.59551248401
5,185,25701.59551248401
5,186,25701.59551248401
5,187,25701.59551248401
5,188,25701.59551248401
5,189,25701.59551248401
5,190,25701.59551248401
5,191,25701.59551248401
5,192,25701.59551248401
5,193,25701.59551248401
5,194,25701.59551248401
5,195,25701.59551248401
5,196,25701.59551248401
5,197,25701.59551248401
5,198,25701.59551248401
5,199,25701.59551248401
5,200,25701.59551248401
